<layer>
  <name>getir_amsterdam_service_locations</name>
  <id>LayerInfoImpl--5e2aa290:17f356195cd:-5c94</id>
  <type>VECTOR</type>
  <defaultStyle>
    <id>StyleInfoImpl-4ea550f4:17f2dd3e5bb:-8000</id>
  </defaultStyle>
  <resource class="featureType">
    <id>FeatureTypeInfoImpl--5e2aa290:17f356195cd:-5c95</id>
  </resource>
  <attribution>
    <logoWidth>0</logoWidth>
    <logoHeight>0</logoHeight>
  </attribution>
  <dateCreated>2022-02-26 14:56:50.342 UTC</dateCreated>
  <dateModified>2022-02-26 15:07:58.953 UTC</dateModified>
</layer>