<layer>
  <name>adana_border</name>
  <id>LayerInfoImpl--5e2aa290:17f356195cd:-7ff6</id>
  <type>VECTOR</type>
  <defaultStyle>
    <id>StyleInfoImpl-4ea550f4:17f2dd3e5bb:-7ffe</id>
  </defaultStyle>
  <resource class="featureType">
    <id>FeatureTypeInfoImpl--5e2aa290:17f356195cd:-7ff7</id>
  </resource>
  <attribution>
    <logoWidth>0</logoWidth>
    <logoHeight>0</logoHeight>
  </attribution>
  <dateCreated>2022-02-26 10:53:54.349 UTC</dateCreated>
  <dateModified>2022-02-26 11:15:48.801 UTC</dateModified>
</layer>