<layer>
  <name>amsterdam_nufus_yogunlugu_th350</name>
  <id>LayerInfoImpl--5e2aa290:17f356195cd:-5c96</id>
  <type>VECTOR</type>
  <defaultStyle>
    <id>StyleInfoImpl--5e2aa290:17f356195cd:-5215</id>
  </defaultStyle>
  <resource class="featureType">
    <id>FeatureTypeInfoImpl--5e2aa290:17f356195cd:-5c97</id>
  </resource>
  <attribution>
    <logoWidth>0</logoWidth>
    <logoHeight>0</logoHeight>
  </attribution>
  <dateCreated>2022-02-26 14:55:03.966 UTC</dateCreated>
  <dateModified>2022-02-26 15:16:37.243 UTC</dateModified>
</layer>