<featureType>
  <id>FeatureTypeInfoImpl--5e2aa290:17f356195cd:-4921</id>
  <name>amsterdam_candidate_points_locations</name>
  <nativeName>amsterdam_candidate_points_locations</nativeName>
  <namespace>
    <id>NamespaceInfoImpl--5e2aa290:17f356195cd:-7ff9</id>
  </namespace>
  <title>amsterdam_candidate_points_locations</title>
  <keywords>
    <string>features</string>
    <string>amsterdam_candidate_points_locations</string>
  </keywords>
  <nativeCRS>GEOGCS[&quot;WGS 84&quot;, 
  DATUM[&quot;World Geodetic System 1984&quot;, 
    SPHEROID[&quot;WGS 84&quot;, 6378137.0, 298.257223563, AUTHORITY[&quot;EPSG&quot;,&quot;7030&quot;]], 
    AUTHORITY[&quot;EPSG&quot;,&quot;6326&quot;]], 
  PRIMEM[&quot;Greenwich&quot;, 0.0, AUTHORITY[&quot;EPSG&quot;,&quot;8901&quot;]], 
  UNIT[&quot;degree&quot;, 0.017453292519943295], 
  AXIS[&quot;Geodetic longitude&quot;, EAST], 
  AXIS[&quot;Geodetic latitude&quot;, NORTH], 
  AUTHORITY[&quot;EPSG&quot;,&quot;4326&quot;]]</nativeCRS>
  <srs>EPSG:4326</srs>
  <nativeBoundingBox>
    <minx>4.81124998125</minx>
    <maxx>4.91124998085</maxx>
    <miny>52.3454166417634</miny>
    <maxy>52.4037499748676</maxy>
    <crs>EPSG:4326</crs>
  </nativeBoundingBox>
  <latLonBoundingBox>
    <minx>4.81124998125</minx>
    <maxx>4.91124998085</maxx>
    <miny>52.3454166417634</miny>
    <maxy>52.4037499748676</maxy>
    <crs>EPSG:4326</crs>
  </latLonBoundingBox>
  <projectionPolicy>FORCE_DECLARED</projectionPolicy>
  <enabled>true</enabled>
  <metadata>
    <entry key="JDBC_VIRTUAL_TABLE">
      <virtualTable>
        <name>amsterdam_candidate_points_locations</name>
        <sql>select * from amsterdam_candidate_points
</sql>
        <escapeSql>false</escapeSql>
        <geometry>
          <name>geom</name>
          <type>Point</type>
          <srid>4326</srid>
        </geometry>
      </virtualTable>
    </entry>
  </metadata>
  <store class="dataStore">
    <id>DataStoreInfoImpl--5e2aa290:17f356195cd:-7ff8</id>
  </store>
  <serviceConfiguration>false</serviceConfiguration>
  <simpleConversionEnabled>false</simpleConversionEnabled>
  <internationalTitle/>
  <internationalAbstract/>
  <maxFeatures>0</maxFeatures>
  <numDecimals>0</numDecimals>
  <padWithZeros>false</padWithZeros>
  <forcedDecimal>false</forcedDecimal>
  <overridingServiceSRS>false</overridingServiceSRS>
  <skipNumberMatched>false</skipNumberMatched>
  <circularArcPresent>false</circularArcPresent>
</featureType>