<layer>
  <name>getir_adana_servis_locations</name>
  <id>LayerInfoImpl--5e2aa290:17f356195cd:-7fe2</id>
  <type>VECTOR</type>
  <defaultStyle>
    <id>StyleInfoImpl--5e2aa290:17f356195cd:-7fe7</id>
  </defaultStyle>
  <resource class="featureType">
    <id>FeatureTypeInfoImpl--5e2aa290:17f356195cd:-7fe3</id>
  </resource>
  <attribution>
    <logoWidth>0</logoWidth>
    <logoHeight>0</logoHeight>
  </attribution>
  <dateCreated>2022-02-26 11:36:35.83 UTC</dateCreated>
  <dateModified>2022-02-26 11:43:25.768 UTC</dateModified>
</layer>