<layer>
  <name>adana_nufusyogunlugu_th50</name>
  <id>LayerInfoImpl--5e2aa290:17f356195cd:-7853</id>
  <type>VECTOR</type>
  <defaultStyle>
    <id>StyleInfoImpl--5e2aa290:17f356195cd:-7852</id>
  </defaultStyle>
  <resource class="featureType">
    <id>FeatureTypeInfoImpl--5e2aa290:17f356195cd:-7854</id>
  </resource>
  <attribution>
    <logoWidth>0</logoWidth>
    <logoHeight>0</logoHeight>
  </attribution>
  <dateCreated>2022-02-26 13:43:36.627 UTC</dateCreated>
  <dateModified>2022-02-26 13:44:48.393 UTC</dateModified>
</layer>