<layer>
  <name>amsterdam_major_streets</name>
  <id>LayerInfoImpl--5e2aa290:17f356195cd:-882</id>
  <type>VECTOR</type>
  <defaultStyle>
    <id>StyleInfoImpl-4ea550f4:17f2dd3e5bb:-7fff</id>
  </defaultStyle>
  <resource class="featureType">
    <id>FeatureTypeInfoImpl--5e2aa290:17f356195cd:-883</id>
  </resource>
  <attribution>
    <logoWidth>0</logoWidth>
    <logoHeight>0</logoHeight>
  </attribution>
  <dateCreated>2022-02-26 18:09:51.995 UTC</dateCreated>
  <dateModified>2022-02-26 18:10:00.114 UTC</dateModified>
</layer>